{
    "time": {
        "avgs_small_gen": [0.0092716228, 0.00843858075, 0.00877929185, 0.009109469799999999, 0.010119290450000002, 0.010690832550000001, 0.014182899999999998, 0.013909265700000003, 0.0161262597, 0.020495013700000002, 0.04147509775000001, 0.05722393669999999, 0.0545644987] , 
        "avgs_med_gen": [0.27382107140000006, 0.23497123074999998, 0.22164272330000007, 0.23500163464999999, 0.23750694179999998, 0.26802740645000006, 0.2693213924000001, 0.27906589005000015, 0.2585657894000001, 0.29356364665, 0.29062166145000007, 0.34393895250000006, 0.44898453499999996] , 
        "avgs_large_gen": [1.6436269817000002, 1.1786647491500004, 1.1060027557500003, 1.1735612947, 1.26563631115, 1.12426179175, 1.2978548202000002, 1.4920913355, 1.4483893, 1.3165541040500002, 1.8421669437500003, 1.42323996285, 1.7350999747] ,
        "avgs_xl_gen": [3.9912867418499998, 3.0324749928, 3.5122158897999993, 3.190780004, 3.00348316655, 3.4699173129000003, 3.2460742584999998, 4.4616037447, 4.9879111002, 3.964028948850001, 4.2485735070500015, 3.8147063431000006, 5.214770672600002] ,
        "avgs_xxl_gen": [12.044756081600001, 9.175321433400002, 8.48931584075, 11.257177029950004, 7.334159685, 9.032368960700001, 8.9185879432, 5.178173151949999, 5.253498272500002, 5.410990199550001, 5.6889642967, 5.7134715091, 5.92760346575] ,

        "avgs_mnist": [988.8486928634005, 718.6719553010001, 789.1722229159999,  651.5456088142,  773.8588412406,  700.8289792950002,  662.9650572072,  744.5639847862003,  657.3016670394001,  805.7165362204001,  705.1735037456001,  807.5311081010001,  704.7229769653999], 
        "avgs_bbc":[57.03178337060001, 41.95408786329999, 37.74982151625, 48.06411870335001, 40.640545791300006, 40.99965332095, 40.86750714674999, 40.8883387581, 40.6200202031, 40.62088328045, 40.412292672250004, 40.4469395618, 40.2599467756], 
        "avgs_adult": [27.09188877845, 25.942183447949997, 26.02134483295, 24.2579701199, 26.2477985175, 22.445711986649997, 25.04206851, 26.003447448600006, 26.672382658349996, 24.887852884750004, 25.685118289150005, 25.180698815400003, 28.559503052300006], 
        "syn_nn_time": [0.0069432072, 0.31061797490000004, 1.6004461912, 3.8273605200000005, 8.797727677500001], 
        "real_nn_time": [124.9466966558, 48.03723960090001, 24.849075652000003]
    }, 
    "memory": {
        "s_mem": [184541.8, 184213.2, 184216.0, 184242.95, 184216.0], 
        "med_mem": [953196.7, 953115.5, 952987.2, 953132.6, 953072.4], 
        "large_mem": [1911940.35, 1911668.1, 1911647.4, 1911589.3, 1911665.4 ], 
        "xl_mem": [2873553.65, 2873393.2, 2873319.4, 2873440.8, 2873339.2 ], 
        "xxl_mem": [3830062.95, 3829777.75, 3829846.4, 3829931.6, 3829910.8 ], 
        "mnist_mem": [5755038, 5753516, 5753516, 5753748, 5754340], 
        "bbc_mem": [424236.1, 421231.4, 420822.0, 421064.3, 421617.0], 
        "adult_mem": [6559781.2, 6559037.6, 6558624.5, 6559455.0, 6560133.8], 
        "syn_nn_mems": [4460810.4, 112478619.0, 449056671.8, 1012433606.0, 1796312996.0], 
        "real_nn_mems": [4681117896.0, 22269969.2, 5260149766.2]
    }
}