{
    "time": {
        "avgs_small_gen": [0.0092716228, 0.00843858075, 0.00877929185, 0.009109469799999999, 0.010119290450000002, 0.010690832550000001, 0.014182899999999998, 0.013909265700000003, 0.0161262597, 0.020495013700000002, 0.04147509775000001, 0.05722393669999999, 0.0545644987], 
        "avgs_med_gen": [0.21357965800000003, 0.17262520414285715, 0.16849298171428576, 0.19753680457142855, 0.18059195528571426, 0.189656565, 0.1979229512857143, 0.21001421785714286, 0.2113828044285715, 0.21923987828571434, 0.2301933445714286, 0.23370491157142856, 0.2941171528571429], 
        "avgs_large_gen": [1.2116919301428575, 0.9125134972857144, 0.7692938174285714, 0.7687547114285714, 0.7875484988571427, 0.8243600634285715, 0.8176923962857143, 0.8401750574285715, 0.8598051791428573, 0.8727114594285714, 0.8891567007142857, 0.9102596484285714, 1.0402100868571427],
        "avgs_xl_gen": [3.9912867418499998, 3.0324749928, 3.5122158897999993, 3.190780004, 3.00348316655, 3.4699173129000003, 3.2460742584999998, 4.4616037447, 4.9879111002, 3.964028948850001, 4.2485735070500015, 3.8147063431000006, 5.214770672600002],
        "avgs_xxl_gen": [12.044756081600001, 9.175321433400002, 8.48931584075, 11.257177029950004, 7.334159685, 9.032368960700001, 8.9185879432, 5.178173151949999, 5.253498272500002, 5.410990199550001, 5.6889642967, 5.7134715091, 5.92760346575],
        "avgs_sds6": [0.009065642857142857, 0.040280214714285716, 0.008309368285714287, 0.008800409, 0.009763647571428571, 0.010689001857142857, 0.011583538857142858, 0.012509394571428575, 0.013331959857142858, 0.014129706428571429, 0.015034496285714285, 0.01570713285714286, 0.021005172285714285], 
        "avgs_sds7": [0.3379338701428572, 0.25915879157142857, 0.2492291462857143, 0.2545818537142857, 0.2641925608571429, 0.27199044771428577, 0.2838551618571429, 0.2919696925714286, 0.30277038314285715, 0.31017957914285715, 0.31855918457142857, 0.32991001471428577, 0.4076008231428571], 
        "avgs_sds8": [1.1885369055714288, 0.8890003295714287, 0.8490806701428572, 0.8550419717142858, 0.8680066847142858, 0.8885696081428572, 0.9286645589999999, 0.9242632707142858, 0.9424202365714287, 0.9577412167142858, 0.9742671302857145, 0.9962947235714286, 1.1270845742857143], 
        "avgs_sds9": [2.7823928689999997, 2.080938059571429, 1.9734417024285715, 1.9575237424285716, 1.9834409764285714, 2.013595313571429, 2.0464958057142857, 2.089740004857143, 2.1040628409999997, 2.1390861235714285, 2.1688186015714286, 2.205749252142857, 2.4534166441428575], 
        "avgs_sds10": [6.149207632, 4.553791861714286, 4.301906612571429, 4.2772276022857145, 4.2783433664285715, 4.331698658857143, 4.384206546, 4.415436588428571, 4.482030824714286, 4.515769957, 4.565854248857144, 4.6273568875714295, 4.967366266857143], 
        "avgs_sds11": [6.206744321142858, 4.743246012571428, 4.428245986, 4.380669184285715, 4.399457208714287, 4.4380201881428585, 4.476980873571429, 4.530517945857143, 4.587449620571428, 4.6373132024285715, 4.687076770285715, 4.751349855142857, 5.1929537335714295], 
        "avgs_sds12": [5.877085116714286, 4.378092874285715, 4.109200889285715, 4.086074102142858, 4.121552326571428, 4.150963293428572, 4.197470904857143, 4.273650414285714, 4.301357684857144, 4.3484464570000005, 4.402170499857142, 4.452749581857144, 4.856435268], 
        "avgs_sds13": [5.765023451571429, 4.232813600857143, 4.017142010142858, 3.999080567285714, 4.026542445285714, 4.070528224285715, 4.119194026, 4.174882365285714, 4.220918602857144, 4.2918269460000005, 4.318229842857143, 4.367377465, 4.757852415428572], 
        "avgs_sds14": [6.199115224000001, 4.498809938857144, 4.289483121857144, 4.264647108428571, 4.314325796714287, 4.313208713142857, 4.386710744142857, 4.429941251285714, 4.486526258571429, 4.5566569192857145, 4.614665758000001, 4.627113373714287, 4.984950769428572], 
        "avgs_sds15": [6.699168034285714, 4.914851568428572, 4.633326071, 4.6011811682857156, 4.674634052, 4.690339635142858, 4.750182742857143, 4.772553153, 4.833007696428572, 4.906196478285714, 4.918625565857143, 4.956475945571429, 5.333474786142857],         
        
        "avgs_blood" : [0.00719378225, 0.0065334239, 0.00664857115, 0.0071536542500000005, 0.0070017156499999995, 0.007563075099999999, 0.0081981852, 0.009548876850000002, 0.010697596350000001, 0.011267904800000002, 0.01129810375, 0.011929711800000001, 0.017147756599999998],
        "avgs_bbc": [26.617221593000004, 20.139310032857143, 18.74855024357143, 18.53561035585714, 18.600202421857144, 20.618376132714285, 19.865497950714285, 19.18114939171429, 19.658523483, 20.951609854571426, 20.47323753557143, 20.88750120114286, 20.551168972428574], 
        "avgs_white_wine": [0.28093025825, 0.21668700899999999, 0.20512415445000004, 0.2096661065, 0.2171665875, 0.22422081074999997, 0.2337314339, 0.24093912925000005, 0.24986147619999993, 0.2590963743, 0.26552880465000006, 0.27337253735, 0.34893980264999996], 
        "avgs_red_wine": [0.02782310725, 0.023302886249999998, 0.02293898025, 0.024084836399999997, 0.02583821845, 0.027565025350000005, 0.029909687150000003, 0.0317219325, 0.03357691325000001, 0.0355423385, 0.03746918505, 0.03964041975, 0.05259070130000001], 
        "avgs_ca": [5.158177378857142, 3.882925252714286, 3.6266252541428576, 3.5965850870000002, 3.605978681285715, 3.8173251230000003, 3.656155015714286, 3.698001427571429, 3.7410367068571424, 3.7638726539999996, 3.813828248142858, 3.860862598857143, 4.191560709142857],
        "avgs_mnist": [988.8486928634005, 718.6719553010001, 789.1722229159999,  651.5456088142,  773.8588412406,  700.8289792950002,  662.9650572072,  744.5639847862003,  657.3016670394001,  805.7165362204001,  705.1735037456001,  807.5311081010001,  704.7229769653999], 
        "avgs_fmnist": [605.3657533, 436.21519204400005, 415.97887489333334, 401.065854363, 394.5993874106667, 389.89526843899995, 388.2792277936667, 411.9299241253334, 427.89961712533335, 404.34339607966666, 399.61857106266666, 400.41066409033334, 400.5241899740001], 
        "avgs_adult": [27.09188877845, 25.942183447949997, 26.02134483295, 24.2579701199, 26.2477985175, 22.445711986649997, 25.04206851, 26.003447448600006, 26.672382658349996, 24.887852884750004, 25.685118289150005, 25.180698815400003, 28.559503052300006], 
        "avgs_bike" : [21.37873523, 19.36435674, 17.0639641 , 16.03994845, 14.15375187, 14.96037242, 14.84515698, 14.91186821, 18.00688507, 12.69160381, 14.65132369, 14.65149531, 16.3116239],
        
        "syn_nn_time": [0.0069432072, 0.31061797490000004, 1.6004461912, 3.8273605200000005, 8.797727677500001, 0.006732561857142859, 0.44540414314285715, 1.748058626714286, 4.171335498428571, 10.527665892142855, 6.785394676428573, 9.360519402, 9.596459711714285, 10.466662466857143, 10.473943298285718], 
        "real_nn_time": [0.004889728750000001, 48.03723960090001, 0.3181213225000001, 0.02106139485, 6.93497209357143, 124.9466966558, 126.80497623699998, 24.849075652000003, 29.275749818800005]
    }, 

    "memory": {
        "s_mem": [184541.8, 184213.2, 184216.0, 184242.95, 184216.0], 
        "med_mem": [953196.7, 953115.5, 952987.2, 953132.6, 953072.4], 
        "large_mem": [1911940.35, 1911668.1, 1911647.4, 1911589.3, 1911665.4 ], 
        "xl_mem": [2873553.65, 2873393.2, 2873319.4, 2873440.8, 2873339.2 ], 
        "xxl_mem": [3830062.95, 3829777.75, 3829846.4, 3829931.6, 3829910.8 ], 
        "sds6_mem":  [187241.8, 186557.0, 186993.2, 186489.4, 187183.0],
        "sds7_mem":  [1146545.0, 1146489.2, 1146489.0, 1147579.8, 1146489.0],
        "sds8_mem":  [2010545.5, 2010489.0, 2010547.1, 2010497.4, 2010521.0],
        "sds9_mem":  [2898293.5, 2897529.0, 2897829.8, 2898237.0, 2897529.8],
        "sds10_mem": [4296053.0, 4295289.0, 4295997.0, 4295289.0, 4295997.6],
        "sds11_mem": [4296040.6, 4295752.2, 4295553.0, 4295694.6, 4295553.0],
        "sds12_mem": [4295763.4, 4295553.0, 4295694.6, 4295610.6, 4295694.6],
        "sds13_mem": [4295577.0, 4295825.8, 4295610.6, 4295694.6, 4295553.0],