{
    "time": {
        "avgs_small_gen": [0.0092716228, 0.00843858075, 0.00877929185, 0.009109469799999999, 0.010119290450000002, 0.010690832550000001, 0.014182899999999998, 0.013909265700000003, 0.0161262597, 0.020495013700000002, 0.04147509775000001, 0.05722393669999999, 0.0545644987], 
        "avgs_med_gen": [0.21357965800000003, 0.17262520414285715, 0.16849298171428576, 0.19753680457142855, 0.18059195528571426, 0.189656565, 0.1979229512857143, 0.21001421785714286, 0.2113828044285715, 0.21923987828571434, 0.2301933445714286, 0.23370491157142856, 0.2941171528571429], 
        "avgs_large_gen": [1.2116919301428575, 0.9125134972857144, 0.7692938174285714, 0.7687547114285714, 0.7875484988571427, 0.8243600634285715, 0.8176923962857143, 0.8401750574285715, 0.8598051791428573, 0.8727114594285714, 0.8891567007142857, 0.9102596484285714, 1.0402100868571427],
        "avgs_xl_gen": [3.9912867418499998, 3.0324749928, 3.5122158897999993, 3.190780004, 3.00348316655, 3.4699173129000003, 3.2460742584999998, 4.4616037447, 4.9879111002, 3.964028948850001, 4.2485735070500015, 3.8147063431000006, 5.214770672600002],
        "avgs_xxl_gen": [12.044756081600001, 9.175321433400002, 8.48931584075, 11.257177029950004, 7.334159685, 9.032368960700001, 8.9185879432, 5.178173151949999, 5.253498272500002, 5.410990199550001, 5.6889642967, 5.7134715091, 5.92760346575],

        "avgs_blood" : [0.00719378225, 0.0065334239, 0.00664857115, 0.0071536542500000005, 0.0070017156499999995, 0.007563075099999999, 0.0081981852, 0.009548876850000002, 0.010697596350000001, 0.011267904800000002, 0.01129810375, 0.011929711800000001, 0.017147756599999998],
        "avgs_bbc": [26.617221593000004, 20.139310032857143, 18.74855024357143, 18.53561035585714, 18.600202421857144, 20.618376132714285, 19.865497950714285, 19.18114939171429, 19.658523483, 20.951609854571426, 20.47323753557143, 20.88750120114286, 20.551168972428574], 
        "avgs_white_wine": [0.28093025825, 0.21668700899999999, 0.20512415445000004, 0.2096661065, 0.2171665875, 0.22422081074999997, 0.2337314339, 0.24093912925000005, 0.24986147619999993, 0.2590963743, 0.26552880465000006, 0.27337253735, 0.34893980264999996], 
        "avgs_red_wine": [0.02782310725, 0.023302886249999998, 0.02293898025, 0.024084836399999997, 0.02583821845, 0.027565025350000005, 0.029909687150000003, 0.0317219325, 0.03357691325000001, 0.0355423385, 0.03746918505, 0.03964041975, 0.05259070130000001], 
        "avgs_ca": [5.158177378857142, 3.882925252714286, 3.6266252541428576, 3.5965850870000002, 3.605978681285715, 3.8173251230000003, 3.656155015714286, 3.698001427571429, 3.7410367068571424, 3.7638726539999996, 3.813828248142858, 3.860862598857143, 4.191560709142857],
        "avgs_mnist": [988.8486928634005, 718.6719553010001, 789.1722229159999,  651.5456088142,  773.8588412406,  700.8289792950002,  662.9650572072,  744.5639847862003,  657.3016670394001,  805.7165362204001,  705.1735037456001,  807.5311081010001,  704.7229769653999], 
        "avgs_fmnist": [605.3657533, 436.21519204400005, 415.97887489333334, 401.065854363, 394.5993874106667, 389.89526843899995, 388.2792277936667, 411.9299241253334, 427.89961712533335, 404.34339607966666, 399.61857106266666, 400.41066409033334, 400.5241899740001], 
        "avgs_adult": [27.09188877845, 25.942183447949997, 26.02134483295, 24.2579701199, 26.2477985175, 22.445711986649997, 25.04206851, 26.003447448600006, 26.672382658349996, 24.887852884750004, 25.685118289150005, 25.180698815400003, 28.559503052300006], 
        "avgs_bike" : [21.37873523, 19.36435674, 17.0639641 , 16.03994845, 14.15375187, 14.96037242, 14.84515698, 14.91186821, 18.00688507, 12.69160381, 14.65132369, 14.65149531, 16.3116239],
        
        "syn_nn_time": [0.0069432072, 0.31061797490000004, 1.6004461912, 3.8273605200000005, 8.797727677500001], 
        "real_nn_time": [0.004889728750000001, 48.03723960090001, 0.3181213225000001, 0.02106139485, 6.93497209357143, 124.9466966558, 126.80497623699998, 24.849075652000003, 29.275749818800005]
    }, 

    "memory": {
        "s_mem": [184541.8, 184213.2, 184216.0, 184242.95, 184216.0], 
        "med_mem": [953196.7, 953115.5, 952987.2, 953132.6, 953072.4], 
        "large_mem": [1911940.35, 1911668.1, 1911647.4, 1911589.3, 1911665.4 ], 
        "xl_mem": [2873553.65, 2873393.2, 2873319.4, 2873440.8, 2873339.2 ], 
        "xxl_mem": [3830062.95, 3829777.75, 3829846.4, 3829931.6, 3829910.8 ], 

        "blood_mem" : [138639.8, 136783.4, 136604.8, 136604.8, 136604.8],
        "bbc_mem": [420241.44, 420232.48, 420233.52, 420233.86, 420235.31], 
        "white_wine_mem": [933473.2, 935281.6, 934885.8, 934885.8, 934885.8], 
        "red_wine_mem": [300054.0, 301611.0, 302204.4, 301477.8, 301472.0], 
        "ca_mem": [3957873.4, 3957557.2, 3957512.2, 3957562.0, 3957608.4],
        "mnist_mem": [5755038, 5753516, 5753516, 5753748, 5754340], 
        "fmnist_mem": [5761633.0, 5756017.7, 5756257.2, 5756072.4, 5755833.2],
        "adult_mem": [6559781.2, 6559037.6, 6558624.5, 6559455.0, 6560133.8], 
        "bike_mem" : [7340455.2, 7339709.6, 7339873.8, 7340003.4, 7339853.0],

        "syn_nn_mems": [4460810.4, 112478619.0, 449056671.8, 1012433606.0, 1796312996.0], 
        "real_nn_mems": [2515809.2, 22269969.2, 107935883.0, 11499515.0, 1916951546, 4681117896.0, 4049867596.0, 5260149766.2, 6584987547.2]
    }
}